seed,avg_sicurezza,avg_biglietteria,avg_controlli,avg_mario_std,avg_mario_exp,avg_hp_std,avg_hp_exp
123456789,600.4974,1332.1875,273.5692,6735.8810,78.5129,3007.3799,203.5807
1186174369,638.5020,1264.4868,255.6879,6688.6152,61.9654,2763.2436,403.6733
1862171032,612.6582,1367.6037,289.1972,7137.9715,104.2184,2610.4515,159.0025
254520368,543.6958,1339.3167,306.3126,6830.9559,151.9420,2618.9220,272.9851
2008319922,600.9077,1381.5986,324.6028,6491.0472,56.0019,2649.9810,247.6563
49341648,553.6628,1330.9298,254.7556,6346.0530,42.5400,2499.7931,237.6771
761588005,581.5200,1319.5506,288.4800,6778.7037,134.4030,2852.2900,140.4943
623864209,552.2037,1383.2325,248.6425,6695.0292,106.2715,2820.7864,219.5556
167228620,615.5929,1421.1949,280.4654,6957.2624,64.6693,2612.9243,65.5425
1442582095,652.0662,1405.2494,306.2276,7164.9206,171.3918,2662.2860,91.0525
1826361560,596.0092,1377.9621,334.1752,6300.8437,94.0816,3015.5416,124.1848
1418198249,573.1110,1433.6217,233.7634,6706.9861,112.5227,2491.3514,190.2805
1027114900,555.9869,1524.6684,264.1611,6705.2164,34.4659,2543.1411,108.9056
719463368,582.2518,1291.1870,316.0327,6658.9502,92.2170,2679.4943,191.5559
963285832,596.4151,1185.6831,236.4141,7065.3696,277.1948,2574.9026,126.3659
1554499527,642.3388,1234.5078,311.0442,7130.8398,149.8534,2617.7247,343.4986
1750439608,587.9758,1347.4427,290.5887,6798.4919,146.1346,2480.1820,461.9882
1587609779,609.0928,1442.2440,265.8566,6632.1860,197.8930,2672.4884,122.6897
125537125,601.2829,1144.1703,326.0224,6802.4073,68.9631,2701.0287,106.4909
575879667,698.6506,1162.7087,308.8414,6813.4074,166.0482,2820.6639,162.2082
1008138834,597.1322,1451.3952,294.8340,6699.2836,146.8881,2635.5533,75.0415
484764695,621.9791,1217.8589,318.7357,6900.9830,127.8634,2788.5587,105.5473
1517832035,613.9493,1414.9745,258.7636,6832.0404,215.7101,2901.3943,256.9806
490323383,562.3853,1177.7691,348.0863,6936.0544,169.4462,2630.3197,388.3334
573522332,575.4765,1310.8433,272.9558,6741.1296,60.6211,2670.9805,73.1758
624212696,533.2876,1263.2880,280.9076,6321.0483,70.8150,3090.1321,559.0967
621993500,632.2976,1398.5555,276.9183,6985.9906,58.9162,2602.2864,54.4626
648860251,597.3425,1415.8014,246.5406,6638.2311,81.1206,2691.1946,425.3976
85170222,640.3316,1404.7382,301.4722,6672.2322,62.0029,2898.3704,208.0648
1768028919,578.3715,1319.2543,309.1021,7047.6245,58.1937,2501.6936,60.8032
519244943,652.5197,1391.1069,344.4960,6951.9521,78.1079,2837.9492,379.4246
1242912904,542.3577,1255.9008,280.0674,6501.0425,131.2341,2607.2459,84.7938
928379944,557.1536,1320.8158,301.7588,6893.8746,119.9289,2430.5720,178.9237
1171258150,643.2741,1261.6291,256.5332,6900.1854,97.2129,2843.1732,307.6816
468633287,563.5447,1594.7076,256.8365,6682.4299,149.4567,2960.2691,94.4375
617548710,590.8040,1182.8662,297.2907,7054.3073,145.5522,2887.9615,258.6255
1964480763,522.9421,1601.5912,212.9828,6486.9370,64.9905,2696.2578,487.6433
1423764826,682.5565,1237.7619,294.6498,6853.3183,95.2298,2635.1005,135.8813
1012664101,605.1715,1213.3384,279.0026,6638.9139,118.4013,2962.3830,230.3022
1830424445,535.9666,1466.4836,302.0207,6726.5722,156.5286,2961.5351,122.3038
924224866,591.7128,1306.0830,270.0897,6548.5794,161.2751,2492.5897,198.5870
985107768,592.4268,1410.9724,241.8295,6508.1195,64.4732,2823.1882,426.9826
252205882,594.1197,1358.5798,223.4533,6792.5314,95.6092,2761.0121,83.5364
658199479,614.9992,1401.2927,301.7276,6840.6207,159.7610,2630.1878,125.2376
1304990676,607.2735,1336.5408,259.1172,6878.7767,94.9727,2972.7589,434.5522
1458235181,554.8775,1365.5131,307.8773,6979.9261,75.3401,2810.3833,164.3974
504550943,508.8244,1222.4675,303.0708,6684.7484,113.5693,2452.7476,111.5508
2000035583,596.7071,1218.8691,265.8815,7050.2184,452.2192,2673.8409,230.8977
1048376953,591.2338,1608.5302,255.1030,6854.9138,76.6043,2685.3447,224.4655
97171556,660.7657,1358.5076,314.5024,6458.4896,83.9334,2775.5138,288.5367
1046708106,567.7396,1203.8685,293.9511,6991.9512,119.6622,2771.3575,381.7868
643073509,622.3944,1247.2279,329.1556,6404.7033,84.3957,2771.5445,251.3608
1064807352,608.2511,1365.9952,299.3850,6750.1930,89.7714,2400.7240,76.4125
1616164287,604.7672,1197.4888,288.4742,6784.7898,119.4126,2849.5345,112.5951
1664304146,607.6243,1262.4567,348.9213,6823.7869,186.6005,2709.7647,221.1219
322564328,606.1881,1290.2522,260.2483,6746.8203,92.8153,2802.8391,48.5890
1622777813,638.4979,1215.4080,303.8942,6454.5339,78.8687,2914.1546,121.9724
1455270022,548.0614,1164.5537,331.3721,6862.7012,56.6942,2843.1164,347.0852
133592146,528.7071,1253.6692,328.9955,6743.5253,77.8449,2863.7488,635.5268
1328930727,568.1263,1482.6329,291.9109,6713.7400,81.8396,2678.6770,224.0388
1544306610,562.0330,1293.2356,250.0038,6818.2151,108.9499,2675.1872,237.1008
382880042,619.6759,1292.6136,346.8339,6975.6127,92.1537,2628.0037,203.6507
2048683086,598.8323,1286.8527,275.4723,6787.5845,100.1996,2613.8847,118.1087
833186486,549.5691,1203.4143,335.1881,6845.8670,163.6180,2643.3439,247.3762
411200146,554.1666,1344.5602,290.4766,6807.1421,82.9403,2716.2077,149.8720
470137198,511.3426,1486.8927,244.2771,6326.3044,57.1965,2724.9301,569.2294
14707645,602.0849,1291.7859,278.6633,7029.3441,89.9417,2836.2259,419.3368
1583706734,667.9775,1542.5058,301.3962,6816.8318,120.8892,2786.5202,155.6053
1916495690,572.6480,1289.6590,347.7118,6968.6826,135.4081,2616.5155,98.5416
1976695380,611.1926,1308.7767,298.2992,7065.5527,133.2899,2643.6887,172.1962
773052785,620.0833,1201.5012,343.3162,7013.5099,193.6716,2735.9090,289.6554
276970621,619.9650,1256.6804,321.1268,6389.3795,71.0351,2861.5615,112.4107
1724867675,549.0804,1420.2798,232.1865,6768.6352,65.1985,2743.2521,119.3272
1420758059,623.9169,1379.5689,251.3314,6498.3127,114.0963,2945.5119,174.7789
1916956539,658.4309,1505.6216,229.1857,6910.4991,83.9560,2816.8645,262.1890
655455821,602.1835,1100.6752,349.5986,6594.7534,40.2787,2698.5743,151.1383
220230179,575.0897,1340.7618,292.3677,6829.6593,76.0712,2733.2676,122.5424
787272084,621.3564,1391.1289,312.7175,6462.4315,109.4109,2836.6025,194.3153
1700215371,657.0456,1103.1204,372.8862,6638.2639,51.0922,2738.2918,267.8267
364781188,545.6160,1314.4115,304.8370,6890.2929,142.8942,2788.5495,384.4305
815013099,597.2329,1205.2549,331.8904,6993.4245,126.1359,2890.6479,294.4591
322255065,706.6255,1249.9105,323.1637,7068.7263,62.3856,2472.5615,92.7674
820115771,665.7458,1453.3249,251.3064,6609.8501,162.9088,2647.4293,82.9682
2082754979,612.5549,1211.3741,280.0377,6868.3892,128.0671,2576.7737,140.7285
1048405689,577.1955,1411.8065,271.0926,6612.7769,49.7065,2810.7035,291.7577
103341992,665.2670,1272.4336,262.7741,6568.3453,88.4651,2593.0109,247.7881
1052815046,658.5512,1299.3261,296.6820,7027.0787,86.7995,2698.4329,204.5186
609240574,590.1126,1098.1255,353.4743,6726.6804,70.6317,2680.7015,87.0420
139833889,612.9997,1412.9171,412.8567,6998.6521,63.8016,2684.8712,179.6470
1425379707,589.6599,1470.0450,384.9091,6704.5390,82.5638,2754.9522,224.4726
2101060105,658.2374,1376.5866,378.1442,6993.2502,49.5611,2858.5108,177.3742
1025442632,535.3961,1281.5541,329.7576,6841.5227,112.7194,2653.6504,96.6859
1375532243,570.4329,1394.5176,258.0611,6660.9901,57.9388,2566.3699,304.8037
1386300494,613.4899,1312.4785,261.4740,7137.4978,276.7015,2616.0902,273.5206
989982507,632.4749,1584.3077,238.5363,6748.4684,87.2925,2834.5831,172.8746
1567685288,587.1293,1398.6095,259.0519,6601.5346,66.4509,2608.8005,174.5908
923243232,605.4314,1390.4077,287.9785,6965.2123,363.5792,2583.7834,253.0229
1878555311,638.2968,1464.8392,302.6306,6852.4022,82.6616,2623.9303,90.4116
1402507340,622.0070,1402.9347,197.5741,6973.9169,183.9938,2699.5092,339.8960
1891518220,630.2883,1261.6926,347.5915,6421.6482,85.2575,2666.8985,161.0733
1611961461,678.3026,1269.7916,345.6638,6942.9781,69.9531,2606.8122,135.8697
151431259,547.7032,1248.1620,327.0697,7035.0157,120.2958,2669.3074,86.7597
1173318510,595.0876,1315.4892,295.6851,6592.6431,74.1311,2938.2468,160.3674
1654778776,614.9645,1365.8437,284.1226,6977.6783,79.1411,3052.4230,604.7498
684745815,526.9803,1191.2211,311.5846,6585.1664,108.0061,2610.5431,404.7745
514964491,530.5888,1230.1371,293.4623,6345.4291,118.3156,2724.7633,320.6421
1599593921,603.6933,1295.3088,311.1228,7209.5863,104.5081,2665.9445,299.8187
708624428,577.6580,1479.6981,289.4397,7152.6341,153.9736,2803.2043,312.2537
803667933,569.4100,1330.2891,263.3710,6422.3598,78.3257,2666.8283,342.4168
1588621612,606.4115,1292.5126,273.9373,6813.5733,114.4494,2658.3114,108.3391
68093531,585.8958,1178.4233,270.6031,6894.8211,64.5775,2653.6842,265.3776
874313519,576.7283,1266.1253,257.3739,6787.6772,98.6623,2824.9545,116.1901
1731232113,604.6101,1240.0800,331.7599,6849.9607,146.6591,2728.3998,141.2734
1741741013,617.7824,1247.6795,313.6093,6817.0322,90.5625,2815.0801,114.6840
58457223,610.6724,1434.2141,323.7771,7004.1200,172.0162,2558.6633,66.1101
181379118,654.1409,1343.1711,275.8097,6941.9972,61.9399,2520.8425,101.0863
1186334992,514.1571,1422.4612,228.4082,6781.6859,119.8416,2581.9497,211.2536
671961954,668.0022,1466.5056,303.9097,6720.0273,147.0112,2806.6556,223.0851
1719016193,680.8005,1291.1962,285.3851,6797.6074,105.8232,2787.0757,106.8724
448258152,592.4914,1344.3227,322.7758,6470.0319,46.8083,2703.8050,260.3692
45064418,598.5674,1273.1238,345.8219,6913.7284,161.7187,2605.9873,104.8575
608993296,549.5239,1326.5012,266.0449,6668.7648,133.5213,2710.4883,130.9802
814321908,595.9973,1383.8172,224.0178,6905.9171,101.2630,2568.2120,101.9287
219572373,599.9932,1347.3110,274.8363,7024.1900,127.4409,2520.5824,68.4098
1100987654,554.0749,1383.0037,285.9132,6482.8966,52.9127,2706.4780,299.8201
1268069707,598.1919,1403.6520,278.6384,6624.1261,67.1804,2922.3486,630.3479
386119142,568.2834,1337.0501,272.6793,6578.6946,76.5347,2939.0394,331.2661
2082985840,569.8145,1495.5427,372.3881,7295.9125,110.5196,2652.3626,77.1894
642713966,577.8065,1415.4477,284.0370,6748.3269,134.5455,2852.3118,172.9840
947248254,576.0725,1350.6900,261.0624,7042.1057,79.5931,2639.7367,127.8994
657026468,586.6709,1245.8586,310.8402,6930.0616,96.8090,2721.6264,120.5883
176960067,552.1132,1496.8770,273.1605,6621.5596,75.7550,2667.5942,72.9976
846351187,603.8737,1321.1349,295.6863,6750.1639,134.8920,2833.5167,243.9171
501369057,620.3945,1347.9074,257.5326,6552.5378,96.2644,2680.6328,244.5869
1546967157,602.4158,1462.5825,276.7560,7135.0767,254.9237,2532.5253,136.9325
2145992660,653.7818,1243.9494,294.3763,6867.8523,150.1864,2618.1090,263.1333
623551769,637.1486,1287.5188,367.8294,6392.9886,61.2760,2879.6626,143.0397
298625667,607.6246,1441.6680,259.8426,6711.1651,65.9369,2711.3858,132.5571
579844133,636.0744,1335.6828,367.2094,6908.5653,78.6666,2738.2374,66.2661
2099160941,564.3061,1310.6551,221.3833,6561.1151,59.0680,2932.9666,156.8100
2053678150,598.6360,1306.0568,270.9101,7068.7268,67.5858,2912.7542,120.2435
760284669,497.2257,1439.5908,291.2601,6795.6501,78.6664,2875.3259,277.9155
738583108,642.4370,1332.9987,255.1637,6894.1959,70.7530,2580.3139,241.6284
170039868,587.3119,1403.2479,252.6871,6598.1738,44.8492,2691.5036,185.0082
601827012,610.8600,1289.8838,258.4536,6619.8927,103.2836,3055.0067,234.9122
1672902734,599.8122,1438.3578,260.2937,6773.0696,123.0138,2813.6657,178.5836
1665534369,572.7553,1242.0530,284.9876,6474.2541,88.7780,2481.1645,137.0035
1394724875,565.5455,1164.2572,283.2285,6466.9472,54.6280,2993.5402,100.5148
851434343,642.8056,1255.2397,318.9801,6765.9373,140.4620,2877.3518,139.3800
49213801,582.6533,1128.8866,322.3897,6707.5461,82.5119,2606.8046,137.3909
